-- phpMyAdmin SQL Dump
-- version 4.8.3
-- https://www.phpmyadmin.net/
--
-- Host: 127.0.0.1
-- Generation Time: Mar 15, 2019 at 03:25 AM
-- Server version: 10.1.35-MariaDB
-- PHP Version: 7.2.9

SET SQL_MODE = "NO_AUTO_VALUE_ON_ZERO";
SET AUTOCOMMIT = 0;
START TRANSACTION;
SET time_zone = "+00:00";


/*!40101 SET @OLD_CHARACTER_SET_CLIENT=@@CHARACTER_SET_CLIENT */;
/*!40101 SET @OLD_CHARACTER_SET_RESULTS=@@CHARACTER_SET_RESULTS */;
/*!40101 SET @OLD_COLLATION_CONNECTION=@@COLLATION_CONNECTION */;
/*!40101 SET NAMES utf8mb4 */;

--
-- Database: `raveltrial`
--

-- --------------------------------------------------------

--
-- Table structure for table `matrix`
--

CREATE TABLE `matrix` (
  `id` int(11) NOT NULL,
  `x` varchar(2) NOT NULL DEFAULT '1',
  `y` varchar(2) NOT NULL DEFAULT '1',
  `z` varchar(2) NOT NULL DEFAULT '1',
  `trial_number` int(10) UNSIGNED DEFAULT NULL,
  `created_at` timestamp NOT NULL DEFAULT CURRENT_TIMESTAMP ON UPDATE CURRENT_TIMESTAMP,
  `updated_at` timestamp NOT NULL DEFAULT '0000-00-00 00:00:00' ON UPDATE CURRENT_TIMESTAMP
) ENGINE=InnoDB DEFAULT CHARSET=latin1;

--
-- Dumping data for table `matrix`
--

INSERT INTO `matrix` (`id`, `x`, `y`, `z`, `trial_number`, `created_at`, `updated_at`) VALUES
(1, '4', '4', '4', 130, '2019-03-15 02:24:37', '2019-03-15 02:24:37');

-- --------------------------------------------------------

--
-- Table structure for table `read_logs_v1`
--

CREATE TABLE `read_logs_v1` (
  `id` int(11) NOT NULL,
  `epc` varchar(24) DEFAULT NULL,
  `trial_number` varchar(8) DEFAULT NULL,
  `created_at` timestamp NOT NULL DEFAULT CURRENT_TIMESTAMP
) ENGINE=InnoDB DEFAULT CHARSET=latin1;

-- --------------------------------------------------------

--
-- Table structure for table `read_logs_v2`
--

CREATE TABLE `read_logs_v2` (
  `id` int(11) NOT NULL,
  `created_at` timestamp NULL DEFAULT NULL,
  `id_tag_v2` int(11) DEFAULT NULL,
  `epc` varchar(4) DEFAULT NULL,
  `trial_number` int(11) DEFAULT NULL
) ENGINE=InnoDB DEFAULT CHARSET=latin1;

--
-- Dumping data for table `read_logs_v2`
--

INSERT INTO `read_logs_v2` (`id`, `created_at`, `id_tag_v2`, `epc`, `trial_number`) VALUES
(88, '2019-01-31 04:37:36', NULL, '005', NULL),
(89, '2019-01-31 04:37:36', NULL, '003', NULL),
(90, '2019-01-31 04:37:36', NULL, '004', NULL),
(91, '2019-02-07 04:39:36', 8, '005', 73),
(92, '2019-02-07 04:39:36', 13, '007', 73),
(93, '2019-02-07 09:09:16', 1, '001', 98),
(94, '2019-02-07 09:09:16', 2, '002', 98),
(95, '2019-02-07 15:22:06', 1, '001', 100),
(96, '2019-02-07 15:22:13', 2, '002', 100),
(97, '2019-02-07 15:22:25', 21, '015', 100),
(98, '2019-02-07 15:22:32', 19, '013', 100),
(99, '2019-02-07 15:22:40', 123, '059', 100),
(100, '2019-02-07 15:22:44', 10, '008', 100),
(101, '2019-02-07 15:22:50', 15, '011', 100),
(102, '2019-02-07 15:22:58', 8, '006', 100),
(103, '2019-02-07 15:23:13', 74, '034', 100),
(104, '2019-02-07 15:23:29', 8, '006', 100),
(105, '2019-02-07 15:23:36', 15, '011', 100),
(106, '2019-02-07 15:23:45', 115, '053', 100),
(107, '2019-02-07 15:23:54', 1, '001', 100),
(108, '2019-02-07 15:24:26', 115, '053', 102),
(109, '2019-02-07 15:24:29', 124, '060', 102),
(110, '2019-02-07 15:24:38', 39, '019', 102),
(111, '2019-02-07 15:24:51', 1, '001', 102),
(112, '2019-02-07 15:25:43', 20, '014', 104),
(113, '2019-02-07 15:25:47', 50, '026', 104),
(114, '2019-02-07 15:25:49', 1, '001', 104),
(115, '2019-02-07 15:25:53', 43, '021', 104),
(116, '2019-02-07 15:25:59', 74, '034', 104),
(117, '2019-02-07 15:26:47', 124, '060', 104),
(118, '2019-02-07 15:27:04', 40, '020', 104),
(119, '2019-02-07 15:27:04', 46, '024', 104),
(120, '2019-02-07 15:27:04', 45, '023', 104),
(121, '2019-02-07 15:27:04', 51, '027', 104),
(122, '2019-02-07 15:27:04', 55, '029', 104),
(123, '2019-02-07 15:27:04', 43, '021', 104),
(124, '2019-02-07 15:27:04', 50, '026', 104),
(125, '2019-02-07 15:27:05', 52, '028', 104),
(126, '2019-02-07 15:27:05', 49, '025', 104),
(127, '2019-02-07 15:27:05', 44, '022', 104),
(128, '2019-02-07 15:27:27', 13, '009', 105),
(129, '2019-02-07 15:27:27', 1, '001', 105),
(130, '2019-02-07 15:27:45', 46, '024', 105),
(131, '2019-02-07 15:27:47', 45, '023', 105),
(132, '2019-02-07 15:27:48', 40, '020', 105),
(133, '2019-02-07 15:27:48', 49, '025', 105),
(134, '2019-02-07 15:27:48', 55, '029', 105),
(135, '2019-02-07 15:27:48', 51, '027', 105),
(136, '2019-02-07 15:27:49', 44, '022', 105),
(137, '2019-02-07 15:27:49', 50, '026', 105),
(138, '2019-02-07 15:27:49', 52, '028', 105),
(139, '2019-02-07 15:27:49', 43, '021', 105),
(140, '2019-02-07 15:28:12', 13, '009', 107),
(141, '2019-02-07 15:29:04', 85, '041', 107),
(142, '2019-02-07 15:29:37', 46, '024', 108),
(143, '2019-02-07 15:29:37', 49, '025', 108),
(144, '2019-02-07 15:29:37', 55, '029', 108),
(145, '2019-02-07 15:29:37', 43, '021', 108),
(146, '2019-02-07 15:29:37', 44, '022', 108),
(147, '2019-02-07 15:29:37', 45, '023', 108),
(148, '2019-02-07 15:29:37', 50, '026', 108),
(149, '2019-02-07 15:29:37', 51, '027', 108),
(150, '2019-02-07 15:29:37', 40, '020', 108),
(151, '2019-02-07 15:29:37', 52, '028', 108),
(152, '2019-02-07 15:29:37', 1, '001', 108),
(153, '2019-02-07 15:29:59', 115, '053', 108),
(154, '2019-02-07 15:29:59', 122, '058', 108),
(155, '2019-02-07 15:29:59', 124, '060', 108),
(156, '2019-02-07 15:29:59', 111, '051', 108),
(157, '2019-02-07 15:29:59', 116, '054', 108),
(158, '2019-02-07 15:29:59', 112, '052', 108),
(159, '2019-02-07 15:29:59', 121, '057', 108),
(160, '2019-02-07 15:29:59', 117, '055', 108),
(161, '2019-02-07 15:29:59', 110, '050', 108),
(162, '2019-02-07 15:29:59', 118, '056', 108),
(163, '2019-02-07 15:30:08', 123, '059', 108),
(164, '2019-02-07 15:30:16', 1, '001', 108),
(165, '2019-02-07 15:30:40', 122, '058', 108),
(166, '2019-02-07 15:30:40', 117, '055', 108),
(167, '2019-02-07 15:30:40', 121, '057', 108),
(168, '2019-02-07 15:30:41', 124, '060', 108),
(169, '2019-02-07 15:30:41', 116, '054', 108),
(170, '2019-02-07 15:30:41', 115, '053', 108),
(171, '2019-02-07 15:30:42', 110, '050', 108),
(172, '2019-02-07 15:30:43', 111, '051', 108),
(173, '2019-02-07 15:30:45', 118, '056', 108),
(174, '2019-02-07 15:30:45', 112, '052', 108),
(175, '2019-02-07 15:31:15', 123, '059', 108),
(176, '2019-02-07 15:31:19', 1, '001', 108),
(177, '2019-02-07 15:31:34', 115, '053', 108),
(178, '2019-02-07 15:31:34', 111, '051', 108),
(179, '2019-02-07 15:31:34', 116, '054', 108),
(180, '2019-02-07 15:31:34', 110, '050', 108),
(181, '2019-02-07 15:31:34', 112, '052', 108),
(182, '2019-02-07 15:31:34', 118, '056', 108),
(183, '2019-02-07 15:31:34', 124, '060', 108),
(184, '2019-02-07 15:31:34', 122, '058', 108),
(185, '2019-02-07 15:31:34', 121, '057', 108),
(186, '2019-02-07 15:31:34', 117, '055', 108),
(187, '2019-02-07 15:32:00', 79, '037', 108),
(188, '2019-02-07 15:32:00', 56, '030', 108),
(189, '2019-02-07 15:32:00', 57, '031', 108),
(190, '2019-02-07 15:32:00', 73, '033', 108),
(191, '2019-02-07 15:32:01', 58, '032', 108),
(192, '2019-02-07 15:32:01', 80, '038', 108),
(193, '2019-02-07 15:32:01', 81, '039', 108),
(194, '2019-02-07 15:32:01', 76, '036', 108),
(195, '2019-02-07 15:32:03', 75, '035', 108),
(196, '2019-02-07 15:32:08', 1, '001', 108),
(197, '2019-02-07 15:32:27', 9, '007', 109),
(198, '2019-02-07 15:32:39', 4, '004', 109),
(199, '2019-02-07 15:32:45', 13, '009', 109),
(200, '2019-02-07 15:32:45', 79, '037', 109),
(201, '2019-02-07 15:32:45', 58, '032', 109),
(202, '2019-02-07 15:32:45', 75, '035', 109),
(203, '2019-02-07 15:32:46', 81, '039', 109),
(204, '2019-02-07 15:32:46', 57, '031', 109),
(205, '2019-02-07 15:32:46', 73, '033', 109),
(206, '2019-02-07 15:32:46', 76, '036', 109),
(207, '2019-02-07 15:32:46', 56, '030', 109),
(208, '2019-02-07 15:32:46', 80, '038', 109),
(209, '2019-02-07 15:33:13', 73, '033', 109),
(210, '2019-02-07 15:33:13', 81, '039', 109),
(211, '2019-02-07 15:33:14', 74, '034', 109),
(212, '2019-02-07 15:33:14', 1, '001', 109),
(213, '2019-02-07 15:33:23', 94, '048', 109),
(214, '2019-02-07 15:33:23', 87, '043', 109),
(215, '2019-02-07 15:33:23', 115, '053', 109),
(216, '2019-02-07 15:33:30', 109, '049', 110),
(217, '2019-02-07 15:33:34', 86, '042', 110),
(218, '2019-02-07 15:33:34', 88, '044', 110),
(219, '2019-02-07 15:33:34', 85, '041', 110),
(220, '2019-02-07 15:33:34', 82, '040', 110),
(221, '2019-02-07 15:33:34', 93, '047', 110),
(222, '2019-02-07 15:33:34', 91, '045', 110),
(223, '2019-02-07 15:33:34', 92, '046', 110),
(224, '2019-02-07 15:34:13', 94, '048', 111),
(225, '2019-02-07 15:34:13', 88, '044', 111),
(226, '2019-02-07 15:34:14', 109, '049', 111),
(227, '2019-02-07 15:34:14', 86, '042', 111),
(228, '2019-02-07 15:34:14', 85, '041', 111),
(229, '2019-02-07 15:34:14', 82, '040', 111),
(230, '2019-02-07 15:34:14', 91, '045', 111),
(231, '2019-02-07 15:34:14', 87, '043', 111),
(232, '2019-02-07 15:34:14', 92, '046', 111),
(233, '2019-02-07 15:34:22', 93, '047', 111),
(234, '2019-02-07 15:34:45', 82, '040', 111),
(235, '2019-02-07 15:34:47', 94, '048', 111),
(236, '2019-02-07 15:34:48', 85, '041', 111),
(237, '2019-02-07 15:34:49', 109, '049', 111),
(238, '2019-02-07 15:34:54', 88, '044', 111),
(239, '2019-02-07 15:34:58', 86, '042', 111),
(240, '2019-02-07 15:35:09', 39, '019', 112),
(241, '2019-02-07 15:35:13', 16, '012', 112),
(242, '2019-02-07 15:35:13', 37, '017', 112),
(243, '2019-02-07 15:35:13', 22, '016', 112),
(244, '2019-02-07 15:35:13', 19, '013', 112),
(245, '2019-02-07 15:35:13', 15, '011', 112),
(246, '2019-02-07 15:35:13', 20, '014', 112),
(247, '2019-02-07 15:35:13', 21, '015', 112),
(248, '2019-02-07 15:35:13', 14, '010', 112),
(249, '2019-02-07 15:35:14', 38, '018', 112),
(250, '2019-02-07 15:35:28', 9, '007', 112),
(251, '2019-02-07 15:35:28', 4, '004', 112),
(252, '2019-02-07 15:35:28', 13, '009', 112),
(253, '2019-02-07 15:35:29', 3, '003', 112),
(254, '2019-02-07 15:35:30', 2, '002', 112),
(255, '2019-02-07 15:35:30', 7, '005', 112),
(256, '2019-02-07 15:35:30', 1, '001', 112),
(257, '2019-02-07 15:35:30', 8, '006', 112),
(258, '2019-02-07 15:35:30', 10, '008', 112),
(259, '2019-02-07 15:36:00', 8, '006', 113),
(260, '2019-02-07 15:36:09', 4, '004', 113),
(261, '2019-02-07 15:36:09', 13, '009', 113),
(262, '2019-02-07 15:36:09', 9, '007', 113),
(263, '2019-02-07 15:36:11', 3, '003', 113),
(264, '2019-02-07 15:36:11', 2, '002', 113),
(265, '2019-02-07 15:36:12', 7, '005', 113),
(266, '2019-02-07 15:36:14', 1, '001', 113),
(267, '2019-02-07 15:36:20', 10, '008', 113),
(268, '2019-02-07 15:36:41', 22, '016', 113),
(269, '2019-02-07 15:36:41', 15, '011', 113),
(270, '2019-02-07 15:36:41', 21, '015', 113),
(271, '2019-02-07 15:36:41', 39, '019', 113),
(272, '2019-02-07 15:36:41', 16, '012', 113),
(273, '2019-02-07 15:36:41', 19, '013', 113),
(274, '2019-02-07 15:36:41', 38, '018', 113),
(275, '2019-02-07 15:36:41', 37, '017', 113),
(276, '2019-02-07 15:36:41', 20, '014', 113),
(277, '2019-02-07 15:36:41', 14, '010', 113),
(278, '2019-02-07 15:36:51', 75, '035', 113),
(279, '2019-02-07 15:36:51', 80, '038', 113),
(280, '2019-02-07 15:36:51', 57, '031', 113),
(281, '2019-02-07 15:36:51', 74, '034', 113),
(282, '2019-02-07 15:36:51', 79, '037', 113),
(283, '2019-02-07 15:36:51', 73, '033', 113),
(284, '2019-02-07 15:36:51', 58, '032', 113),
(285, '2019-02-07 15:36:51', 81, '039', 113),
(286, '2019-02-07 15:36:51', 76, '036', 113),
(287, '2019-02-07 15:36:51', 56, '030', 113),
(288, '2019-02-07 15:36:59', 46, '024', 113),
(289, '2019-02-07 15:36:59', 52, '028', 113),
(290, '2019-02-07 15:36:59', 49, '025', 113),
(291, '2019-02-07 15:36:59', 40, '020', 113),
(292, '2019-02-07 15:36:59', 51, '027', 113),
(293, '2019-02-07 15:36:59', 44, '022', 113),
(294, '2019-02-07 15:36:59', 43, '021', 113),
(295, '2019-02-07 15:36:59', 55, '029', 113),
(296, '2019-02-07 15:36:59', 45, '023', 113),
(297, '2019-02-07 15:36:59', 50, '026', 113),
(298, '2019-02-07 15:37:09', 115, '053', 113),
(299, '2019-02-07 15:37:09', 116, '054', 113),
(300, '2019-02-07 15:37:09', 123, '059', 113),
(301, '2019-02-07 15:37:09', 111, '051', 113),
(302, '2019-02-07 15:37:09', 121, '057', 113),
(303, '2019-02-07 15:37:10', 117, '055', 113),
(304, '2019-02-07 15:37:10', 112, '052', 113),
(305, '2019-02-07 15:37:10', 124, '060', 113),
(306, '2019-02-07 15:37:10', 110, '050', 113),
(307, '2019-02-07 15:37:10', 122, '058', 113),
(308, '2019-02-07 15:37:10', 118, '056', 113),
(309, '2019-02-07 15:37:16', 9, '007', 113),
(310, '2019-02-07 15:37:22', 94, '048', 113),
(311, '2019-02-07 15:37:22', 87, '043', 113),
(312, '2019-02-07 15:37:23', 93, '047', 113),
(313, '2019-02-07 15:37:23', 86, '042', 113),
(314, '2019-02-07 15:37:23', 109, '049', 113),
(315, '2019-02-07 15:37:23', 88, '044', 113),
(316, '2019-02-07 15:37:23', 82, '040', 113),
(317, '2019-02-07 15:37:23', 85, '041', 113),
(318, '2019-02-07 15:37:23', 92, '046', 113),
(319, '2019-02-07 15:37:27', 91, '045', 113),
(320, '2019-02-07 15:37:51', 2, '002', 114),
(321, '2019-02-07 15:37:53', 7, '005', 114),
(322, '2019-02-07 15:37:53', 13, '009', 114),
(323, '2019-02-07 15:37:53', 9, '007', 114),
(324, '2019-02-07 15:37:53', 3, '003', 114),
(325, '2019-02-07 15:37:53', 1, '001', 114),
(326, '2019-02-07 15:37:53', 4, '004', 114),
(327, '2019-02-07 15:37:53', 10, '008', 114),
(328, '2019-02-07 15:37:53', 8, '006', 114),
(329, '2019-02-07 15:38:01', 38, '018', 114),
(330, '2019-02-07 15:38:02', 16, '012', 114),
(331, '2019-02-07 15:38:02', 22, '016', 114),
(332, '2019-02-07 15:38:02', 39, '019', 114),
(333, '2019-02-07 15:38:02', 37, '017', 114),
(334, '2019-02-07 15:38:02', 20, '014', 114),
(335, '2019-02-07 15:38:02', 19, '013', 114),
(336, '2019-02-07 15:38:02', 14, '010', 114),
(337, '2019-02-07 15:38:02', 15, '011', 114),
(338, '2019-02-07 15:38:03', 21, '015', 114),
(339, '2019-02-07 15:38:11', 46, '024', 114),
(340, '2019-02-07 15:38:11', 51, '027', 114),
(341, '2019-02-07 15:38:11', 52, '028', 114),
(342, '2019-02-07 15:38:11', 55, '029', 114),
(343, '2019-02-07 15:38:11', 40, '020', 114),
(344, '2019-02-07 15:38:11', 45, '023', 114),
(345, '2019-02-07 15:38:11', 49, '025', 114),
(346, '2019-02-07 15:38:11', 44, '022', 114),
(347, '2019-02-07 15:38:11', 43, '021', 114),
(348, '2019-02-07 15:38:11', 50, '026', 114),
(349, '2019-02-07 15:38:19', 57, '031', 114),
(350, '2019-02-07 15:38:19', 81, '039', 114),
(351, '2019-02-07 15:38:19', 74, '034', 114),
(352, '2019-02-07 15:38:19', 73, '033', 114),
(353, '2019-02-07 15:38:19', 56, '030', 114),
(354, '2019-02-07 15:38:19', 80, '038', 114),
(355, '2019-02-07 15:38:19', 76, '036', 114),
(356, '2019-02-07 15:38:20', 79, '037', 114),
(357, '2019-02-07 15:38:20', 58, '032', 114),
(358, '2019-02-07 15:38:22', 75, '035', 114),
(359, '2019-02-07 15:38:33', 94, '048', 114),
(360, '2019-02-07 15:38:34', 82, '040', 114),
(361, '2019-02-07 15:38:34', 85, '041', 114),
(362, '2019-02-07 15:38:34', 88, '044', 114),
(363, '2019-02-07 15:38:34', 87, '043', 114),
(364, '2019-02-07 15:38:34', 86, '042', 114),
(365, '2019-02-07 15:38:39', 109, '049', 114),
(366, '2019-02-07 15:38:39', 93, '047', 114),
(367, '2019-02-07 15:38:40', 92, '046', 114),
(368, '2019-02-07 15:38:57', 91, '045', 114),
(369, '2019-02-07 15:39:08', 115, '053', 114),
(370, '2019-02-07 15:39:09', 123, '059', 114),
(371, '2019-02-07 15:39:09', 121, '057', 114),
(372, '2019-02-07 15:39:09', 118, '056', 114),
(373, '2019-02-07 15:39:09', 124, '060', 114),
(374, '2019-02-07 15:39:09', 111, '051', 114),
(375, '2019-02-07 15:39:09', 122, '058', 114),
(376, '2019-02-07 15:39:09', 110, '050', 114),
(377, '2019-02-07 15:39:09', 117, '055', 114),
(378, '2019-02-07 15:39:09', 112, '052', 114),
(379, '2019-02-07 15:39:09', 116, '054', 114),
(380, '2019-02-07 15:56:59', 38, '018', 114),
(381, '2019-02-07 16:06:58', 38, '018', 114),
(382, '2019-02-07 16:09:00', 16, '012', 116),
(383, '2019-02-07 16:09:00', 37, '017', 116),
(384, '2019-02-07 16:09:00', 38, '018', 116),
(385, '2019-02-07 16:09:00', 21, '015', 116),
(386, '2019-02-07 16:09:00', 39, '019', 116),
(387, '2019-02-07 16:09:00', 20, '014', 116),
(388, '2019-02-07 16:09:00', 22, '016', 116),
(389, '2019-02-07 16:09:00', 15, '011', 116),
(390, '2019-02-07 16:09:02', 19, '013', 116),
(391, '2019-02-07 16:09:02', 14, '010', 116),
(392, '2019-02-07 16:09:16', 115, '053', 116),
(393, '2019-02-07 16:09:18', 85, '041', 116),
(394, '2019-02-07 16:09:18', 94, '048', 116),
(395, '2019-02-07 16:09:18', 86, '042', 116),
(396, '2019-02-07 16:09:18', 88, '044', 116),
(397, '2019-02-07 16:09:18', 87, '043', 116),
(398, '2019-02-07 16:09:18', 91, '045', 116),
(399, '2019-02-07 16:09:18', 109, '049', 116),
(400, '2019-02-07 16:09:18', 93, '047', 116),
(401, '2019-02-07 16:09:18', 92, '046', 116),
(402, '2019-02-07 16:09:18', 82, '040', 116),
(403, '2019-02-07 16:09:34', 123, '059', 116),
(404, '2019-02-07 16:09:36', 124, '060', 116),
(405, '2019-02-07 16:09:36', 118, '056', 116),
(406, '2019-02-07 16:09:36', 111, '051', 116),
(407, '2019-02-07 16:09:36', 117, '055', 116),
(408, '2019-02-07 16:09:36', 112, '052', 116),
(409, '2019-02-07 16:09:36', 122, '058', 116),
(410, '2019-02-07 16:09:36', 110, '050', 116),
(411, '2019-02-07 16:09:36', 116, '054', 116),
(412, '2019-02-07 16:09:36', 121, '057', 116),
(413, '2019-02-07 16:09:42', 51, '027', 116),
(414, '2019-02-07 16:09:42', 55, '029', 116),
(415, '2019-02-07 16:09:42', 52, '028', 116),
(416, '2019-02-07 16:09:42', 49, '025', 116),
(417, '2019-02-07 16:09:42', 43, '021', 116),
(418, '2019-02-07 16:09:42', 40, '020', 116),
(419, '2019-02-07 16:09:42', 44, '022', 116),
(420, '2019-02-07 16:09:42', 45, '023', 116),
(421, '2019-02-07 16:09:42', 46, '024', 116),
(422, '2019-02-07 16:09:44', 50, '026', 116),
(423, '2019-02-07 16:10:00', 1, '001', 116),
(424, '2019-02-07 16:10:00', 4, '004', 116),
(425, '2019-02-07 16:10:00', 8, '006', 116),
(426, '2019-02-07 16:10:00', 3, '003', 116),
(427, '2019-02-07 16:10:00', 7, '005', 116),
(428, '2019-02-07 16:10:00', 13, '009', 116),
(429, '2019-02-07 16:10:00', 10, '008', 116),
(430, '2019-02-07 16:10:00', 9, '007', 116),
(431, '2019-02-07 16:10:00', 2, '002', 116),
(432, '2019-02-07 16:10:16', 79, '037', 116),
(433, '2019-02-07 16:10:16', 81, '039', 116),
(434, '2019-02-07 16:10:16', 76, '036', 116),
(435, '2019-02-07 16:10:16', 73, '033', 116),
(436, '2019-02-07 16:10:16', 56, '030', 116),
(437, '2019-02-07 16:10:16', 75, '035', 116),
(438, '2019-02-07 16:10:16', 57, '031', 116),
(439, '2019-02-07 16:10:16', 80, '038', 116),
(440, '2019-02-07 16:10:16', 58, '032', 116),
(441, '2019-02-07 16:10:16', 74, '034', 116),
(442, '2019-02-07 16:10:22', 55, '029', 116),
(443, '2019-02-07 16:10:24', 50, '026', 116),
(444, '2019-02-08 02:43:23', 44, '022', 117),
(445, '2019-02-08 02:43:47', 3, '003', 118),
(446, '2019-02-08 02:43:47', 7, '005', 118),
(447, '2019-02-08 02:43:48', 1, '001', 118),
(448, '2019-02-08 02:43:48', 38, '018', 118),
(449, '2019-02-08 02:43:48', 8, '006', 118),
(450, '2019-02-08 02:43:48', 45, '023', 118),
(451, '2019-02-08 02:43:48', 2, '002', 118),
(452, '2019-02-08 02:43:48', 9, '007', 118),
(453, '2019-02-08 02:43:48', 43, '021', 118),
(454, '2019-02-08 02:43:49', 39, '019', 118),
(455, '2019-02-08 02:43:49', 37, '017', 118),
(456, '2019-02-08 02:44:08', 44, '022', 118),
(457, '2019-02-08 02:44:50', 44, '022', 118),
(458, '2019-02-08 02:45:42', 43, '021', 119),
(459, '2019-02-08 02:45:48', 44, '022', 119),
(460, '2019-02-08 02:45:54', 2, '002', 119),
(461, '2019-02-08 02:45:55', 39, '019', 119),
(462, '2019-02-08 02:45:55', 45, '023', 119),
(463, '2019-02-08 02:46:09', 8, '006', 119),
(464, '2019-02-08 02:46:09', 1, '001', 119),
(465, '2019-02-08 02:46:09', 38, '018', 119),
(466, '2019-02-08 02:46:09', 37, '017', 119),
(467, '2019-02-08 02:46:11', 9, '007', 119),
(468, '2019-02-08 02:46:16', 3, '003', 119),
(469, '2019-02-08 02:46:17', 7, '005', 119),
(470, '2019-02-08 02:46:28', 45, '023', 119),
(471, '2019-02-08 02:46:28', 43, '021', 119),
(472, '2019-02-08 02:46:28', 2, '002', 119),
(473, '2019-02-08 02:46:30', 44, '022', 119),
(474, '2019-02-08 02:46:38', 39, '019', 119),
(475, '2019-02-08 02:46:54', 37, '017', 119),
(476, '2019-02-08 02:48:15', 44, '022', 119),
(477, '2019-02-08 02:48:15', 9, '007', 119),
(478, '2019-02-08 02:48:18', 39, '019', 119),
(479, '2019-02-08 02:48:32', 37, '017', 119),
(480, '2019-02-08 02:49:03', 44, '022', 119),
(481, '2019-02-08 02:50:28', 37, '017', 119),
(482, '2019-02-08 02:50:35', 9, '007', 119),
(483, '2019-02-08 02:50:35', 45, '023', 119),
(484, '2019-02-08 02:50:36', 8, '006', 119),
(485, '2019-02-08 02:50:36', 7, '005', 119),
(486, '2019-02-08 02:50:37', 1, '001', 119),
(487, '2019-02-08 02:50:38', 2, '002', 119),
(488, '2019-02-08 02:50:41', 3, '003', 119),
(489, '2019-02-08 02:50:41', 39, '019', 119),
(490, '2019-02-08 02:54:47', 43, '021', 119),
(491, '2019-02-08 02:54:48', 45, '023', 119),
(492, '2019-02-08 02:54:48', 39, '019', 119),
(493, '2019-02-08 02:54:48', 37, '017', 119),
(494, '2019-02-08 02:54:48', 44, '022', 119),
(495, '2019-02-08 03:04:06', 43, '021', 121),
(496, '2019-02-08 03:04:07', 39, '019', 121),
(497, '2019-02-08 03:04:07', 7, '005', 121),
(498, '2019-02-08 03:04:07', 2, '002', 121),
(499, '2019-02-08 03:04:07', 38, '018', 121),
(500, '2019-02-08 03:04:07', 37, '017', 121),
(501, '2019-02-08 03:04:07', 44, '022', 121),
(502, '2019-02-08 03:04:08', 45, '023', 121),
(503, '2019-02-08 03:04:08', 3, '003', 121),
(504, '2019-02-08 03:04:09', 9, '007', 121),
(505, '2019-02-08 03:04:09', 8, '006', 121),
(506, '2019-02-08 03:06:50', 38, '018', 123),
(507, '2019-02-08 03:06:50', 37, '017', 123),
(508, '2019-02-08 03:06:50', 2, '002', 123),
(509, '2019-02-08 03:06:50', 1, '001', 123),
(510, '2019-02-08 03:06:50', 39, '019', 123),
(511, '2019-02-08 03:06:50', 45, '023', 123),
(512, '2019-02-08 03:06:50', 43, '021', 123),
(513, '2019-02-08 03:06:50', 44, '022', 123),
(514, '2019-02-08 03:06:50', 3, '003', 123),
(515, '2019-02-08 03:06:51', 9, '007', 123),
(516, '2019-02-08 03:06:51', 8, '006', 123),
(517, '2019-02-08 03:06:51', 7, '005', 123),
(518, '2019-02-08 03:09:05', 38, '018', 124),
(519, '2019-02-08 03:09:05', 43, '021', 124),
(520, '2019-02-08 03:09:06', 3, '003', 124),
(521, '2019-02-08 03:09:06', 8, '006', 124),
(522, '2019-02-08 03:10:11', 7, '005', 125),
(523, '2019-02-08 03:10:12', 38, '018', 125),
(524, '2019-02-08 03:10:12', 8, '006', 125),
(525, '2019-02-08 03:10:53', 3, '003', 126),
(526, '2019-02-08 03:11:46', 38, '018', 127),
(527, '2019-02-08 03:13:25', 38, '018', 129),
(528, '2019-02-08 03:13:25', 8, '006', 129);

-- --------------------------------------------------------

--
-- Table structure for table `tag_v2`
--

CREATE TABLE `tag_v2` (
  `id_tag` int(11) NOT NULL,
  `x` int(11) DEFAULT NULL,
  `y` int(11) DEFAULT NULL,
  `z` int(11) DEFAULT NULL,
  `epc` varchar(50) DEFAULT NULL,
  `status` int(11) DEFAULT NULL
) ENGINE=InnoDB DEFAULT CHARSET=latin1;

--
-- Dumping data for table `tag_v2`
--

INSERT INTO `tag_v2` (`id_tag`, `x`, `y`, `z`, `epc`, `status`) VALUES
(1, 1, 1, 1, '001', NULL),
(2, 2, 1, 1, '002', NULL),
(3, 3, 1, 1, '003', NULL),
(4, 4, 1, 1, '004', NULL),
(5, 5, 1, 1, NULL, NULL),
(6, 6, 1, 1, NULL, NULL),
(7, 1, 2, 1, '005', NULL),
(8, 2, 2, 1, '006', NULL),
(9, 3, 2, 1, '007', NULL),
(10, 4, 2, 1, '008', NULL),
(11, 5, 2, 1, NULL, NULL),
(12, 6, 2, 1, NULL, NULL),
(13, 1, 3, 1, '009', NULL),
(14, 2, 3, 1, '010', NULL),
(15, 3, 3, 1, '011', NULL),
(16, 4, 3, 1, '012', NULL),
(17, 5, 3, 1, NULL, NULL),
(18, 6, 3, 1, NULL, NULL),
(19, 1, 4, 1, '013', NULL),
(20, 2, 4, 1, '014', NULL),
(21, 3, 4, 1, '015', NULL),
(22, 4, 4, 1, '016', NULL),
(23, 5, 4, 1, NULL, NULL),
(24, 6, 4, 1, NULL, NULL),
(25, 1, 5, 1, NULL, NULL),
(26, 2, 5, 1, NULL, NULL),
(27, 3, 5, 1, NULL, NULL),
(28, 4, 5, 1, NULL, NULL),
(29, 5, 5, 1, NULL, NULL),
(30, 6, 5, 1, NULL, NULL),
(31, 1, 6, 1, NULL, NULL),
(32, 2, 6, 1, NULL, NULL),
(33, 3, 6, 1, NULL, NULL),
(34, 4, 6, 1, NULL, NULL),
(35, 5, 6, 1, NULL, NULL),
(36, 6, 6, 1, NULL, NULL),
(37, 1, 1, 2, '017', NULL),
(38, 2, 1, 2, '018', NULL),
(39, 3, 1, 2, '019', NULL),
(40, 4, 1, 2, '020', NULL),
(41, 5, 1, 2, NULL, NULL),
(42, 6, 1, 2, NULL, NULL),
(43, 1, 2, 2, '021', NULL),
(44, 2, 2, 2, '022', NULL),
(45, 3, 2, 2, '023', NULL),
(46, 4, 2, 2, '024', NULL),
(47, 5, 2, 2, NULL, NULL),
(48, 6, 2, 2, NULL, NULL),
(49, 1, 3, 2, '025', NULL),
(50, 2, 3, 2, '026', NULL),
(51, 3, 3, 2, '027', NULL),
(52, 4, 3, 2, '028', NULL),
(53, 5, 3, 2, NULL, NULL),
(54, 6, 3, 2, NULL, NULL),
(55, 1, 4, 2, '029', NULL),
(56, 2, 4, 2, '030', NULL),
(57, 3, 4, 2, '031', NULL),
(58, 4, 4, 2, '032', NULL),
(59, 5, 4, 2, NULL, NULL),
(60, 6, 4, 2, NULL, NULL),
(61, 1, 5, 2, NULL, NULL),
(62, 2, 5, 2, NULL, NULL),
(63, 3, 5, 2, NULL, NULL),
(64, 4, 5, 2, NULL, NULL),
(65, 5, 5, 2, NULL, NULL),
(66, 6, 5, 2, NULL, NULL),
(67, 1, 6, 2, NULL, NULL),
(68, 2, 6, 2, NULL, NULL),
(69, 3, 6, 2, NULL, NULL),
(70, 4, 6, 2, NULL, NULL),
(71, 5, 6, 2, NULL, NULL),
(72, 6, 6, 2, NULL, NULL),
(73, 1, 1, 3, '033', NULL),
(74, 2, 1, 3, '034', NULL),
(75, 3, 1, 3, '035', NULL),
(76, 4, 1, 3, '036', NULL),
(77, 5, 1, 3, NULL, NULL),
(78, 6, 1, 3, NULL, NULL),
(79, 1, 2, 3, '037', NULL),
(80, 2, 2, 3, '038', NULL),
(81, 3, 2, 3, '039', NULL),
(82, 4, 2, 3, '040', NULL),
(83, 5, 2, 3, NULL, NULL),
(84, 6, 2, 3, NULL, NULL),
(85, 1, 3, 3, '041', NULL),
(86, 2, 3, 3, '042', NULL),
(87, 3, 3, 3, '043', NULL),
(88, 4, 3, 3, '044', NULL),
(89, 5, 3, 3, NULL, NULL),
(90, 6, 3, 3, NULL, NULL),
(91, 1, 4, 3, '045', NULL),
(92, 2, 4, 3, '046', NULL),
(93, 3, 4, 3, '047', NULL),
(94, 4, 4, 3, '048', NULL),
(95, 5, 4, 3, NULL, NULL),
(96, 6, 4, 3, NULL, NULL),
(97, 1, 5, 3, NULL, NULL),
(98, 2, 5, 3, NULL, NULL),
(99, 3, 5, 3, NULL, NULL),
(100, 4, 5, 3, NULL, NULL),
(101, 5, 5, 3, NULL, NULL),
(102, 6, 5, 3, NULL, NULL),
(103, 1, 6, 3, NULL, NULL),
(104, 2, 6, 3, NULL, NULL),
(105, 3, 6, 3, NULL, NULL),
(106, 4, 6, 3, NULL, NULL),
(107, 5, 6, 3, NULL, NULL),
(108, 6, 6, 3, NULL, NULL),
(109, 1, 1, 4, '049', NULL),
(110, 2, 1, 4, '050', NULL),
(111, 3, 1, 4, '051', NULL),
(112, 4, 1, 4, '052', NULL),
(113, 5, 1, 4, NULL, NULL),
(114, 6, 1, 4, NULL, NULL),
(115, 1, 2, 4, '053', NULL),
(116, 2, 2, 4, '054', NULL),
(117, 3, 2, 4, '055', NULL),
(118, 4, 2, 4, '056', NULL),
(119, 5, 2, 4, NULL, NULL),
(120, 6, 2, 4, NULL, NULL),
(121, 1, 3, 4, '057', NULL),
(122, 2, 3, 4, '058', NULL),
(123, 3, 3, 4, '059', NULL),
(124, 4, 3, 4, '060', NULL),
(125, 5, 3, 4, NULL, NULL),
(126, 6, 3, 4, NULL, NULL),
(127, 1, 4, 4, NULL, NULL),
(128, 2, 4, 4, NULL, NULL),
(129, 3, 4, 4, NULL, NULL),
(130, 4, 4, 4, NULL, NULL),
(131, 5, 4, 4, NULL, NULL),
(132, 6, 4, 4, NULL, NULL),
(133, 1, 5, 4, NULL, NULL),
(134, 2, 5, 4, NULL, NULL),
(135, 3, 5, 4, NULL, NULL),
(136, 4, 5, 4, NULL, NULL),
(137, 5, 5, 4, NULL, NULL),
(138, 6, 5, 4, NULL, NULL),
(139, 1, 6, 4, NULL, NULL),
(140, 2, 6, 4, NULL, NULL),
(141, 3, 6, 4, NULL, NULL),
(142, 4, 6, 4, NULL, NULL),
(143, 5, 6, 4, NULL, NULL),
(144, 6, 6, 4, NULL, NULL),
(145, 1, 1, 5, NULL, NULL),
(146, 2, 1, 5, NULL, NULL),
(147, 3, 1, 5, NULL, NULL),
(148, 4, 1, 5, NULL, NULL),
(149, 5, 1, 5, NULL, NULL),
(150, 6, 1, 5, NULL, NULL),
(151, 1, 2, 5, NULL, NULL),
(152, 2, 2, 5, NULL, NULL),
(153, 3, 2, 5, NULL, NULL),
(154, 4, 2, 5, NULL, NULL),
(155, 5, 2, 5, NULL, NULL),
(156, 6, 2, 5, NULL, NULL),
(157, 1, 3, 5, NULL, NULL),
(158, 2, 3, 5, NULL, NULL),
(159, 3, 3, 5, NULL, NULL),
(160, 4, 3, 5, NULL, NULL),
(161, 5, 3, 5, NULL, NULL),
(162, 6, 3, 5, NULL, NULL),
(163, 1, 4, 5, NULL, NULL),
(164, 2, 4, 5, NULL, NULL),
(165, 3, 4, 5, NULL, NULL),
(166, 4, 4, 5, NULL, NULL),
(167, 5, 4, 5, NULL, NULL),
(168, 6, 4, 5, NULL, NULL),
(169, 1, 5, 5, NULL, NULL),
(170, 2, 5, 5, NULL, NULL),
(171, 3, 5, 5, NULL, NULL),
(172, 4, 5, 5, NULL, NULL),
(173, 5, 5, 5, NULL, NULL),
(174, 6, 5, 5, NULL, NULL),
(175, 1, 6, 5, NULL, NULL),
(176, 2, 6, 5, NULL, NULL),
(177, 3, 6, 5, NULL, NULL),
(178, 4, 6, 5, NULL, NULL),
(179, 5, 6, 5, NULL, NULL),
(180, 6, 6, 5, NULL, NULL),
(181, 1, 1, 6, NULL, NULL),
(182, 2, 1, 6, NULL, NULL),
(183, 3, 1, 6, NULL, NULL),
(184, 4, 1, 6, NULL, NULL),
(185, 5, 1, 6, NULL, NULL),
(186, 6, 1, 6, NULL, NULL),
(187, 1, 2, 6, NULL, NULL),
(188, 2, 2, 6, NULL, NULL),
(189, 3, 2, 6, NULL, NULL),
(190, 4, 2, 6, NULL, NULL),
(191, 5, 2, 6, NULL, NULL),
(192, 6, 2, 6, NULL, NULL),
(193, 1, 3, 6, NULL, NULL),
(194, 2, 3, 6, NULL, NULL),
(195, 3, 3, 6, NULL, NULL),
(196, 4, 3, 6, NULL, NULL),
(197, 5, 3, 6, NULL, NULL),
(198, 6, 3, 6, NULL, NULL),
(199, 1, 4, 6, NULL, NULL),
(200, 2, 4, 6, NULL, NULL),
(201, 3, 4, 6, NULL, NULL),
(202, 4, 4, 6, NULL, NULL),
(203, 5, 4, 6, NULL, NULL),
(204, 6, 4, 6, NULL, NULL),
(205, 1, 5, 6, NULL, NULL),
(206, 2, 5, 6, NULL, NULL),
(207, 3, 5, 6, NULL, NULL),
(208, 4, 5, 6, NULL, NULL),
(209, 5, 5, 6, NULL, NULL),
(210, 6, 5, 6, NULL, NULL),
(211, 1, 6, 6, NULL, NULL),
(212, 2, 6, 6, NULL, NULL),
(213, 3, 6, 6, NULL, NULL),
(214, 4, 6, 6, NULL, NULL),
(215, 5, 6, 6, NULL, NULL),
(216, 6, 6, 6, NULL, NULL);

-- --------------------------------------------------------

--
-- Table structure for table `users`
--

CREATE TABLE `users` (
  `id` int(10) UNSIGNED NOT NULL,
  `name` varchar(191) COLLATE utf8mb4_unicode_ci NOT NULL,
  `username` varchar(191) COLLATE utf8mb4_unicode_ci NOT NULL,
  `email` varchar(191) COLLATE utf8mb4_unicode_ci NOT NULL,
  `password` varchar(191) COLLATE utf8mb4_unicode_ci NOT NULL,
  `privilege` varchar(191) COLLATE utf8mb4_unicode_ci NOT NULL,
  `remember_token` varchar(100) COLLATE utf8mb4_unicode_ci DEFAULT NULL,
  `created_at` timestamp NULL DEFAULT NULL,
  `updated_at` timestamp NULL DEFAULT NULL
) ENGINE=InnoDB DEFAULT CHARSET=utf8mb4 COLLATE=utf8mb4_unicode_ci;

--
-- Dumping data for table `users`
--

INSERT INTO `users` (`id`, `name`, `username`, `email`, `password`, `privilege`, `remember_token`, `created_at`, `updated_at`) VALUES
(1, 'Admin', 'admin1', 'saifuluchiha@gmail.com', '$2y$10$JZhmQArrekCd2cTZhX8DCeFDhsz2xBv9xhi2yFFewUyw4lHLZoNoy', 'admin', 'gTU1G0ih32YaYJOGmTmHrVTLy7bxhigIMYi38RkUEyYtBjG5jP9uolh9rkOB', '2017-06-16 00:30:39', '2017-06-16 00:30:39'),
(2, 'Superuser', 'superuser1', 'ravelware.saiful@gmail.com', '$2y$10$M5yZ3MW1Ocrko1P.mS3v0.wQ7/lv.q834BuoRmq6FsV/HvQ/9JlJC', 'superuser', 'tEZ4nc34X3poHsyPgtKquua69swEKnXWiOzjJ49NhAcVSGk0GyvJ5RlA4isQ', '2017-06-16 02:29:05', '2017-06-16 02:29:05'),
(3, 'User', 'user3', 'sigit@gmail.com', '$2y$10$BdBMGegfpZHMYbQ89.Hhm.03skHGyjyvBYHXpYqMbwRoyFu3rzSmG', 'user', 'PHmCZgCXYQmjY6n425a4984vKlOw4cabaxgSb9m2AU7Ce44qXryFXmBACz7B', '2017-08-02 20:40:51', '2017-08-02 20:40:51'),
(4, 'Pegawai Pabrik 1', 'user1', 'user@user.com', '$2y$10$GYMlc8u2HLd1tPx1xPc3guHM.eTV63x1/AhX2SfHDTsfR.aazJYZ6', '1', 'vbMMU9itYf00dZY8a7bllOlnL1eorUHakXSjtwmEF0MfVInFrrjyVkstf6cd', '2017-09-06 02:18:39', '2017-09-06 02:18:39'),
(5, 'Pegawai Pabrik 2', 'user2', 'user2@user.com', '$2y$10$O.LW4h8wL94kvi1KBcJhUOCj9I3KOmKTc9m2v8QERGm2BA1vKrLGC', '2', 'L2Psmr1Q7QSfFtiDgPJeqP0hOQS3pPtMsIj664xd3psWMnkeUuE329oaJfaP', '2018-01-23 23:42:16', '2018-01-23 23:42:16'),
(6, 'admin', 'admin', 'admin@gmail.com', '$2y$10$P7AUYFIbyF19q4.9UnCAweyQDLkEr7uF2k49zEbxG7IToufJM0iea', 'admin', 'XuHpk0pgOYxQSSxWqoZNsYTMJnDDnw400hIo9VbRDcxC7aVhiGBOxTCaNRR0', '2018-12-13 01:15:06', '2018-12-13 01:15:06');

--
-- Indexes for dumped tables
--

--
-- Indexes for table `matrix`
--
ALTER TABLE `matrix`
  ADD PRIMARY KEY (`id`);

--
-- Indexes for table `read_logs_v1`
--
ALTER TABLE `read_logs_v1`
  ADD PRIMARY KEY (`id`);

--
-- Indexes for table `read_logs_v2`
--
ALTER TABLE `read_logs_v2`
  ADD PRIMARY KEY (`id`);

--
-- Indexes for table `tag_v2`
--
ALTER TABLE `tag_v2`
  ADD PRIMARY KEY (`id_tag`),
  ADD UNIQUE KEY `epc` (`epc`);

--
-- Indexes for table `users`
--
ALTER TABLE `users`
  ADD PRIMARY KEY (`id`),
  ADD UNIQUE KEY `users_email_unique` (`email`);

--
-- AUTO_INCREMENT for dumped tables
--

--
-- AUTO_INCREMENT for table `matrix`
--
ALTER TABLE `matrix`
  MODIFY `id` int(11) NOT NULL AUTO_INCREMENT, AUTO_INCREMENT=2;

--
-- AUTO_INCREMENT for table `read_logs_v1`
--
ALTER TABLE `read_logs_v1`
  MODIFY `id` int(11) NOT NULL AUTO_INCREMENT;

--
-- AUTO_INCREMENT for table `read_logs_v2`
--
ALTER TABLE `read_logs_v2`
  MODIFY `id` int(11) NOT NULL AUTO_INCREMENT, AUTO_INCREMENT=529;

--
-- AUTO_INCREMENT for table `tag_v2`
--
ALTER TABLE `tag_v2`
  MODIFY `id_tag` int(11) NOT NULL AUTO_INCREMENT, AUTO_INCREMENT=217;

--
-- AUTO_INCREMENT for table `users`
--
ALTER TABLE `users`
  MODIFY `id` int(10) UNSIGNED NOT NULL AUTO_INCREMENT, AUTO_INCREMENT=7;
COMMIT;

/*!40101 SET CHARACTER_SET_CLIENT=@OLD_CHARACTER_SET_CLIENT */;
/*!40101 SET CHARACTER_SET_RESULTS=@OLD_CHARACTER_SET_RESULTS */;
/*!40101 SET COLLATION_CONNECTION=@OLD_COLLATION_CONNECTION */;
